dexID,ポケモン名(フォルム),ID,D,C,B,A,Homeのみ,藍の円盤,キタカミ図鑑,E,トリックマジック,竜王戦,ブルーベリー学園,F,G,G(禁伝のみ),H,スター団チャレンジ
0,フシギダネ,0,X,X,X,X,X,O,X,X,X,X,O,O,O,X,O,X
1,フシギソウ,1,X,X,X,X,X,O,X,X,X,X,O,O,O,X,O,X
2,フシギバナ,2,X,X,X,X,X,O,X,X,X,X,O,O,O,X,O,X
3,ヒトカゲ,3,O,X,X,X,X,X,X,O,X,O,O,O,O,X,O,X
4,リザード,4,O,X,X,X,X,X,X,O,X,O,O,O,O,X,O,X
5,リザードン,5,O,X,X,X,X,X,X,O,X,O,O,O,O,X,O,X
6,ゼニガメ,6,X,X,X,X,X,O,X,X,X,X,O,O,O,X,O,X
7,カメール,7,X,X,X,X,X,O,X,X,X,X,O,O,O,X,O,X
8,カメックス,8,X,X,X,X,X,O,X,X,X,X,O,O,O,X,O,X
9,アーボ,24,X,X,X,X,X,X,O,O,X,O,X,O,O,X,O,X
10,アーボック,25,X,X,X,X,X,X,O,O,X,O,X,O,O,X,O,X
11,ピカチュウ,26,O,O,O,O,X,X,O,O,X,O,X,O,O,X,O,X
12,ライチュウ(原種),27,O,O,O,O,X,X,O,O,X,O,X,O,O,X,O,X
13,ライチュウ(アローラのすがた),28,O,X,X,X,X,X,X,O,X,O,X,O,O,X,O,X
14,サンド(原種),29,X,X,X,X,X,X,O,O,X,O,O,O,O,X,O,X
15,サンド(アローラのすがた),30,X,X,X,X,X,X,X,O,X,O,X,O,O,X,O,X
16,サンドパン(原種),31,X,X,X,X,X,X,O,O,X,O,O,O,O,X,O,X
17,サンドパン(アローラのすがた),32,X,X,X,X,X,X,X,O,X,O,X,O,O,X,O,X
18,ピッピ,39,X,X,X,X,X,X,O,O,X,O,X,O,O,X,O,X
19,ピクシー,40,X,X,X,X,X,X,O,O,X,O,X,O,O,X,O,X
20,ロコン(原種),41,X,X,X,X,X,X,O,O,X,O,X,O,O,X,O,X
21,ロコン(アローラのすがた),42,X,X,X,X,X,X,X,O,X,O,O,O,O,X,O,X
22,キュウコン(原種),43,X,X,X,X,X,X,O,O,X,O,X,O,O,X,O,X
23,キュウコン(アローラのすがた),44,X,X,X,X,X,X,X,O,X,O,O,O,O,X,O,X
24,プリン,45,O,O,O,O,X,X,X,O,X,O,X,O,O,X,O,X
25,プクリン,46,O,O,O,O,X,X,X,O,X,O,X,O,O,X,O,O
26,ナゾノクサ,49,X,X,X,X,X,O,X,X,X,X,O,O,O,X,O,X
27,クサイハナ,50,X,X,X,X,X,O,X,X,X,X,O,O,O,X,O,X
28,ラフレシア,51,X,X,X,X,X,O,X,X,X,X,O,O,O,X,O,X
29,コンパン,54,O,O,O,O,X,X,X,O,X,O,O,O,O,X,O,X
30,モルフォン,55,O,O,O,O,X,X,X,O,X,O,O,O,O,X,O,X
31,ディグダ(原種),56,O,O,O,O,X,X,X,O,X,O,X,O,O,X,O,X
32,ディグダ(アローラのすがた),57,O,X,X,X,X,X,X,O,X,O,O,O,O,X,O,X
33,ダグトリオ(原種),58,O,O,O,O,X,X,X,O,X,O,X,O,O,X,O,X
34,ダグトリオ(アローラのすがた),59,O,X,X,X,X,X,X,O,X,O,O,O,O,X,O,X
35,ニャース(原種),60,O,O,O,O,X,X,X,O,X,O,X,O,O,X,O,X
36,ニャース(アローラのすがた),61,O,X,X,X,X,X,X,O,X,O,X,O,O,X,O,X
37,ニャース(ガラルのすがた),62,O,X,X,X,X,X,X,O,X,O,X,O,O,X,O,X
38,ペルシアン(原種),63,O,O,O,O,X,X,X,O,X,O,X,O,O,X,O,X
39,ペルシアン(アローラのすがた),64,O,X,X,X,X,X,X,O,X,O,X,O,O,X,O,X
40,コダック,65,O,O,O,O,X,X,X,O,X,O,X,O,O,X,O,X
41,ゴルダック,66,O,O,O,O,X,X,X,O,X,O,X,O,O,X,O,X
42,マンキー,67,O,O,O,O,X,X,O,O,X,O,X,O,O,X,O,X
43,オコリザル,68,O,O,O,O,X,X,O,O,X,O,X,O,O,X,O,O
44,ガーディ(原種),69,O,O,O,O,X,X,O,O,X,O,X,O,O,X,O,X
45,ガーディ(ヒスイのすがた),70,O,X,X,X,X,X,X,O,X,O,X,O,O,X,O,X
46,ウインディ(原種),71,O,O,O,O,X,X,O,O,X,O,X,O,O,X,O,O
47,ウインディ(ヒスイのすがた),72,O,X,X,X,X,X,X,O,X,O,X,O,O,X,O,X
48,ニョロモ,73,X,X,X,X,X,X,O,O,X,O,X,O,O,X,O,X
49,ニョロゾ,74,X,X,X,X,X,X,O,O,X,O,X,O,O,X,O,X
50,ニョロボン,75,X,X,X,X,X,X,O,O,X,O,X,O,O,X,O,X
51,マダツボミ,82,X,X,X,X,X,X,O,O,X,O,X,O,O,X,O,X
52,ウツドン,83,X,X,X,X,X,X,O,O,X,O,X,O,O,X,O,X
53,ウツボット,84,X,X,X,X,X,X,O,O,X,O,X,O,O,X,O,X
54,メノクラゲ,85,X,X,X,X,X,O,X,X,X,X,O,O,O,X,O,X
55,ドククラゲ,86,X,X,X,X,X,O,X,X,X,X,O,O,O,X,O,X
56,イシツブテ(原種),87,X,X,X,X,X,X,O,O,X,O,X,O,O,X,O,X
57,イシツブテ(アローラのすがた),88,X,X,X,X,X,X,X,O,X,O,O,O,O,X,O,X
58,ゴローン(原種),89,X,X,X,X,X,X,O,O,X,O,X,O,O,X,O,X
59,ゴローン(アローラのすがた),90,X,X,X,X,X,X,X,O,X,O,O,O,O,X,O,X
60,ゴローニャ(原種),91,X,X,X,X,X,X,O,O,X,O,X,O,O,X,O,X
61,ゴローニャ(アローラのすがた),92,X,X,X,X,X,X,X,O,X,O,O,O,O,X,O,X
62,ヤドン(原種),97,O,O,O,O,X,X,X,O,X,O,X,O,O,X,O,X
63,ヤドン(ガラルのすがた),98,O,X,X,X,X,X,X,O,X,O,O,O,O,X,O,X
64,ヤドラン(原種),99,O,O,O,O,X,X,X,O,X,O,X,O,O,X,O,X
65,ヤドラン(ガラルのすがた),100,O,X,X,X,X,X,X,O,X,O,O,O,O,X,O,X
66,コイル,101,O,O,O,O,X,X,X,O,X,O,O,O,O,X,O,X
67,レアコイル,102,O,O,O,O,X,X,X,O,X,O,O,O,O,X,O,X
68,ドードー,105,X,X,X,X,X,O,X,X,X,X,O,O,O,X,O,X
69,ドードリオ,106,X,X,X,X,X,O,X,X,X,X,O,O,O,X,O,X
70,パウワウ,107,X,X,X,X,X,O,X,X,X,X,O,O,O,X,O,X
71,ジュゴン,108,X,X,X,X,X,O,X,X,X,X,O,O,O,X,O,X
72,ベトベター(原種),109,O,O,O,O,X,X,X,O,X,O,X,O,O,X,O,X
73,ベトベター(アローラのすがた),110,O,X,X,X,X,X,X,O,X,O,O,O,O,X,O,X
74,ベトベトン(原種),111,O,O,O,O,X,X,X,O,X,O,X,O,O,X,O,O
75,ベトベトン(アローラのすがた),112,O,X,X,X,X,X,X,O,X,O,O,O,O,X,O,X
76,シェルダー,113,O,O,O,O,X,X,X,O,X,O,X,O,O,X,O,X
77,パルシェン,114,O,O,O,O,X,X,X,O,X,O,X,O,O,X,O,X
78,ゴース,115,O,O,O,O,X,X,O,O,O,O,X,O,O,X,O,X
79,ゴースト,116,O,O,O,O,X,X,O,O,O,O,X,O,O,X,O,X
80,ゲンガー,117,O,O,O,O,X,X,O,O,O,O,X,O,O,X,O,X
81,スリープ,119,O,O,O,O,X,X,X,O,X,O,X,O,O,X,O,X
82,スリーパー,120,O,O,O,O,X,X,X,O,X,O,X,O,O,X,O,X
83,ビリリダマ(原種),123,O,O,O,O,X,X,X,O,X,O,X,O,O,X,O,X
84,ビリリダマ(ヒスイのすがた),124,O,X,X,X,O,X,X,O,X,O,X,O,O,X,O,X
85,マルマイン(原種),125,O,O,O,O,X,X,X,O,X,O,X,O,O,X,O,X
86,マルマイン(ヒスイのすがた),126,O,X,X,X,O,X,X,O,X,O,X,O,O,X,O,X
87,タマタマ,127,X,X,X,X,X,O,X,X,X,X,O,O,O,X,O,X
88,ナッシー(原種),128,X,X,X,X,X,O,X,X,X,X,O,O,O,X,O,X
89,ナッシー(アローラのすがた),129,X,X,X,X,X,O,X,X,X,X,O,O,O,X,O,X
90,サワムラー,133,X,X,X,X,X,O,X,X,X,X,O,O,O,X,O,X
91,エビワラー,134,X,X,X,X,X,O,X,X,X,X,O,O,O,X,O,X
92,ドガース,136,X,X,X,X,X,X,O,O,X,O,X,O,O,X,O,X
93,マタドガス(原種),137,X,X,X,X,X,X,O,O,X,O,X,O,O,X,O,X
94,マタドガス(ガラルのすがた),138,X,X,X,X,X,X,X,O,X,O,X,O,O,X,O,X
95,サイホーン,139,X,X,X,X,X,O,X,X,X,X,O,O,O,X,O,X
96,サイドン,140,X,X,X,X,X,O,X,X,X,X,O,O,O,X,O,X
97,ラッキー,141,O,O,O,O,X,X,X,O,X,O,O,O,O,X,O,X
98,タッツー,144,X,X,X,X,X,O,X,X,X,X,O,O,O,X,O,X
99,シードラ,145,X,X,X,X,X,O,X,X,X,X,O,O,O,X,O,X
100,ストライク,152,O,O,O,O,X,X,X,O,X,O,O,O,O,X,O,X
101,エレブー,154,X,X,X,X,X,O,X,X,X,X,O,O,O,X,O,X
102,ブーバー,155,X,X,X,X,X,O,X,X,X,X,O,O,O,X,O,X
103,ケンタロス(原種),157,O,O,O,O,X,X,X,O,X,O,O,O,O,X,O,X
104,ケンタロス(パルデアのすがた(コンバット)),158,O,O,O,O,X,X,X,O,X,O,X,O,O,X,O,X
105,ケンタロス(パルデアのすがた(ブレイズ)),159,O,O,O,O,X,X,X,O,X,O,X,O,O,X,O,X
106,ケンタロス(パルデアのすがた(ウォーター)),160,O,O,O,O,X,X,X,O,X,O,X,O,O,X,O,X
107,コイキング,161,O,O,O,O,X,X,O,O,X,O,X,O,O,X,O,X
108,ギャラドス,162,O,O,O,O,X,X,O,O,X,O,X,O,O,X,O,X
109,ラプラス,163,X,X,X,X,X,O,X,X,X,X,O,O,O,X,O,X
110,メタモン,164,O,O,O,O,X,X,X,O,X,O,X,O,O,X,O,X
111,イーブイ,165,O,O,O,O,X,X,X,O,X,O,X,O,O,X,O,X
112,シャワーズ,166,O,O,O,O,X,X,X,O,X,O,X,O,O,X,O,X
113,サンダース,167,O,O,O,O,X,X,X,O,X,O,X,O,O,X,O,X
114,ブースター,168,O,O,O,O,X,X,X,O,X,O,X,O,O,X,O,X
115,ポリゴン,169,X,X,X,X,X,O,X,X,X,X,O,O,O,X,O,X
116,カビゴン,175,X,X,X,X,X,X,O,O,X,O,X,O,O,X,O,X
117,フリーザー(原種),176,O,X,X,X,X,X,X,O,X,O,X,O,O,X,X,X
118,フリーザー(ガラルのすがた),177,O,X,X,X,X,X,X,O,X,O,X,O,O,X,X,X
119,サンダー(原種),178,O,X,X,X,X,X,X,O,X,O,X,O,O,X,X,X
120,サンダー(ガラルのすがた),179,O,X,X,X,X,X,X,O,X,O,X,O,O,X,X,X
121,ファイヤー(原種),180,O,X,X,X,X,X,X,O,X,O,X,O,O,X,X,X
122,ファイヤー(ガラルのすがた),181,O,X,X,X,X,X,X,O,X,O,X,O,O,X,X,X
123,ミニリュウ,182,O,O,O,O,X,X,X,O,X,O,X,O,O,X,O,X
124,ハクリュー,183,O,O,O,O,X,X,X,O,X,O,X,O,O,X,O,X
125,カイリュー,184,O,O,O,O,X,X,X,O,X,O,X,O,O,X,O,X
126,ミュウツー,185,X,X,X,X,X,X,X,X,X,X,X,X,O,O,X,X
127,ミュウ,186,X,X,X,X,X,X,X,X,X,X,X,X,X,X,X,X
128,チコリータ,187,X,X,X,X,X,O,X,X,X,X,O,O,O,X,O,X
129,ベイリーフ,188,X,X,X,X,X,O,X,X,X,X,O,O,O,X,O,X
130,メガニウム,189,X,X,X,X,X,O,X,X,X,X,O,O,O,X,O,X
131,ヒノアラシ,190,O,X,X,X,X,X,X,O,X,O,O,O,O,X,O,X
132,マグマラシ,191,O,X,X,X,X,X,X,O,X,O,O,O,O,X,O,X
133,バクフーン(原種),192,O,X,X,X,X,X,X,O,X,O,O,O,O,X,O,X
134,バクフーン(ヒスイのすがた),193,O,X,X,X,X,X,X,O,O,O,X,O,O,X,O,X
135,ワニノコ,194,X,X,X,X,X,O,X,X,X,X,O,O,O,X,O,X
136,アリゲイツ,195,X,X,X,X,X,O,X,X,X,X,O,O,O,X,O,X
137,オーダイル,196,X,X,X,X,X,O,X,X,X,X,O,O,O,X,O,X
138,オタチ,197,X,X,X,X,X,X,O,O,X,O,X,O,O,X,O,X
139,オオタチ,198,X,X,X,X,X,X,O,O,X,O,X,O,O,X,O,X
140,ホーホー,199,X,X,X,X,X,X,O,O,X,O,X,O,O,X,O,X
141,ヨルノズク,200,X,X,X,X,X,X,O,O,X,O,X,O,O,X,O,X
142,イトマル,203,X,X,X,X,X,X,O,O,X,O,X,O,O,X,O,X
143,アリアドス,204,X,X,X,X,X,X,O,O,X,O,X,O,O,X,O,X
144,チョンチー,206,X,X,X,X,X,O,X,X,X,X,O,O,O,X,O,X
145,ランターン,207,X,X,X,X,X,O,X,X,X,X,O,O,O,X,O,X
146,ピチュー,208,O,O,O,O,X,X,O,O,X,O,X,O,O,X,O,X
147,ピィ,209,X,X,X,X,X,X,O,O,X,O,X,O,O,X,O,X
148,ププリン,210,O,O,O,O,X,X,X,O,X,O,X,O,O,X,O,X
149,メリープ,215,O,O,O,O,X,X,X,O,X,O,X,O,O,X,O,X
150,モココ,216,O,O,O,O,X,X,X,O,X,O,X,O,O,X,O,X
151,デンリュウ,217,O,O,O,O,X,X,X,O,X,O,X,O,O,X,O,X
152,キレイハナ,218,X,X,X,X,X,O,X,X,X,X,O,O,O,X,O,X
153,マリル,219,O,O,O,O,X,X,X,O,X,O,X,O,O,X,O,X
154,マリルリ,220,O,O,O,O,X,X,X,O,X,O,X,O,O,X,O,O
155,ウソッキー,221,O,O,O,O,X,X,O,O,X,O,X,O,O,X,O,X
156,ニョロトノ,222,X,X,X,X,X,X,O,O,X,O,X,O,O,X,O,X
157,ハネッコ,223,O,O,O,O,X,X,X,O,X,O,X,O,O,X,O,X
158,ポポッコ,224,O,O,O,O,X,X,X,O,X,O,X,O,O,X,O,X
159,ワタッコ,225,O,O,O,O,X,X,X,O,X,O,X,O,O,X,O,X
160,エイパム,226,X,X,X,X,X,X,O,O,X,O,X,O,O,X,O,X
161,ヒマナッツ,227,O,O,O,O,X,X,X,O,X,O,X,O,O,X,O,X
162,キマワリ,228,O,O,O,O,X,X,X,O,X,O,X,O,O,X,O,X
163,ヤンヤンマ,229,X,X,X,X,X,X,O,O,X,O,X,O,O,X,O,X
164,ウパー(パルデアのすがた),231,O,O,O,O,X,X,X,O,X,O,X,O,O,X,O,X
165,ヌオー,232,O,X,X,X,X,X,O,O,X,O,X,O,O,X,O,X
166,エーフィ,233,O,O,O,O,X,X,X,O,X,O,X,O,O,X,O,X
167,ブラッキー,234,O,O,O,O,X,X,X,O,X,O,X,O,O,X,O,X
168,ヤミカラス,235,O,O,O,O,X,X,X,O,X,O,X,O,O,X,O,X
169,ヤドキング(原種),236,O,O,O,O,X,X,X,O,X,O,O,O,O,X,O,X
170,ヤドキング(ガラルのすがた),237,O,X,X,X,X,X,X,O,X,O,X,O,O,X,O,X
171,ムウマ,238,O,O,O,O,X,X,X,O,O,O,X,O,O,X,O,X
172,キリンリキ,241,O,O,O,O,X,X,X,O,X,O,O,O,O,X,O,X
173,クヌギダマ,242,O,O,O,O,X,X,X,O,X,O,X,O,O,X,O,X
174,フォレトス,243,O,O,O,O,X,X,X,O,X,O,X,O,O,X,O,X
175,ノコッチ,244,O,O,O,O,X,X,O,O,X,O,X,O,O,X,O,X
176,グライガー,245,X,X,X,X,X,X,O,O,X,O,X,O,O,X,O,X
177,ブルー,247,X,X,X,X,X,O,X,X,X,X,O,O,O,X,O,X
178,グランブル,248,X,X,X,X,X,O,X,X,X,X,O,O,O,X,O,X
179,ハリーセン(原種),249,O,O,O,O,O,X,X,O,X,O,O,O,O,X,O,X
180,ハリーセン(ヒスイのすがた),250,O,X,X,X,O,X,X,O,X,O,X,O,O,X,O,X
181,ハッサム,251,O,O,O,O,X,X,X,O,X,O,O,O,O,X,O,X
182,ヘラクロス,253,O,O,O,O,X,X,O,O,X,O,X,O,O,X,O,X
183,ニューラ(原種),254,O,O,O,O,X,X,O,O,X,O,X,O,O,X,O,X
184,ニューラ(ヒスイのすがた),255,O,X,X,X,X,X,X,O,X,O,X,O,O,X,O,X
185,ヒメグマ,256,O,O,O,O,X,X,X,O,X,O,X,O,O,X,O,X
186,リングマ,257,O,O,O,O,X,X,X,O,X,O,X,O,O,X,O,X
187,マグマッグ,258,X,X,X,X,X,X,O,O,X,O,X,O,O,X,O,X
188,マグカルゴ,259,X,X,X,X,X,X,O,O,X,O,X,O,O,X,O,X
189,ウリムー,260,X,X,X,X,X,X,O,O,X,O,X,O,O,X,O,X
190,イノムー,261,X,X,X,X,X,X,O,O,X,O,X,O,O,X,O,X
191,デリバード,266,O,O,O,O,X,X,X,O,X,O,X,O,O,X,O,X
192,エアームド,268,X,X,X,X,X,O,X,X,X,X,O,O,O,X,O,X
193,デルビル,269,O,O,O,O,X,X,O,O,X,O,X,O,O,X,O,X
194,ヘルガー,270,O,O,O,O,X,X,O,O,X,O,X,O,O,X,O,O
195,キングドラ,271,X,X,X,X,X,O,X,X,X,X,O,O,O,X,O,X
196,ゴマゾウ,272,O,O,O,O,X,X,X,O,X,O,X,O,O,X,O,X
197,ドンファン,273,O,O,O,O,X,X,X,O,X,O,X,O,O,X,O,X
198,ポリゴン2,274,X,X,X,X,X,O,X,X,X,X,O,O,O,X,O,X
199,オドシシ,275,O,O,O,O,X,X,O,O,X,O,X,O,O,X,O,X
200,ドーブル,276,X,X,X,X,X,O,X,X,X,X,O,O,O,X,O,X
201,バルキー,277,X,X,X,X,X,O,X,X,X,X,O,O,O,X,O,X
202,カポエラー,278,X,X,X,X,X,O,X,X,X,X,O,O,O,X,O,X
203,エレキッド,280,X,X,X,X,X,O,X,X,X,X,O,O,O,X,O,X
204,ブビィ,281,X,X,X,X,X,O,X,X,X,X,O,O,O,X,O,X
205,ハピナス,283,O,O,O,O,X,X,X,O,X,O,O,O,O,X,O,X
206,ライコウ,284,X,X,X,X,X,O,X,X,X,X,X,O,O,X,X,X
207,エンテイ,285,X,X,X,X,X,O,X,X,X,X,X,O,O,X,X,X
208,スイクン,286,X,X,X,X,X,O,X,X,X,X,X,O,O,X,X,X
209,ヨーギラス,287,O,O,O,O,X,X,X,O,X,O,X,O,O,X,O,X
210,サナギラス,288,O,O,O,O,X,X,X,O,X,O,X,O,O,X,O,X
211,バンギラス,289,O,O,O,O,X,X,X,O,X,O,X,O,O,X,O,X
212,ルギア,290,X,X,X,X,X,O,X,X,X,X,X,X,O,O,X,X
213,ホウオウ,291,X,X,X,X,X,O,X,X,X,X,X,X,O,O,X,X
214,キモリ,293,X,X,X,X,X,O,X,X,X,X,O,O,O,X,O,X
215,ジュプトル,294,X,X,X,X,X,O,X,X,X,X,O,O,O,X,O,X
216,ジュカイン,295,X,X,X,X,X,O,X,X,X,X,O,O,O,X,O,X
217,アチャモ,296,X,X,X,X,X,O,X,X,X,X,O,O,O,X,O,X
218,ワカシャモ,297,X,X,X,X,X,O,X,X,X,X,O,O,O,X,O,X
219,バシャーモ,298,X,X,X,X,X,O,X,X,X,X,O,O,O,X,O,X
220,ミズゴロウ,299,X,X,X,X,X,O,X,X,X,X,O,O,O,X,O,X
221,ヌマクロー,300,X,X,X,X,X,O,X,X,X,X,O,O,O,X,O,X
222,ラグラージ,301,X,X,X,X,X,O,X,X,X,X,O,O,O,X,O,X
223,ポチエナ,302,X,X,X,X,X,X,O,O,X,O,X,O,O,X,O,X
224,グラエナ,303,X,X,X,X,X,X,O,O,X,O,X,O,O,X,O,X
225,ハスボー,313,X,X,X,X,X,X,O,O,X,O,X,O,O,X,O,X
226,ハスブレロ,314,X,X,X,X,X,X,O,O,X,O,X,O,O,X,O,X
227,ルンパッパ,315,X,X,X,X,X,X,O,O,X,O,X,O,O,X,O,X
228,タネボー,316,X,X,X,X,X,X,O,O,X,O,X,O,O,X,O,X
229,コノハナ,317,X,X,X,X,X,X,O,O,X,O,X,O,O,X,O,X
230,ダーテング,318,X,X,X,X,X,X,O,O,X,O,X,O,O,X,O,X
231,キャモメ,321,O,O,O,O,X,X,X,O,X,O,X,O,O,X,O,X
232,ペリッパー,322,O,O,O,O,X,X,X,O,X,O,X,O,O,X,O,X
233,ラルトス,323,O,O,O,O,X,X,O,O,X,O,X,O,O,X,O,X
234,キルリア,324,O,O,O,O,X,X,O,O,X,O,X,O,O,X,O,X
235,サーナイト,325,O,O,O,O,X,X,O,O,X,O,X,O,O,X,O,X
236,アメタマ,326,O,O,O,O,X,X,O,O,X,O,X,O,O,X,O,X
237,アメモース,327,O,O,O,O,X,X,O,O,X,O,X,O,O,X,O,X
238,キノココ,328,O,O,O,O,X,X,X,O,X,O,X,O,O,X,O,X
239,キノガッサ,329,O,O,O,O,X,X,X,O,X,O,X,O,O,X,O,X
240,ナマケロ,330,O,O,O,O,X,X,X,O,X,O,O,O,O,X,O,X
241,ヤルキモノ,331,O,O,O,O,X,X,X,O,X,O,O,O,O,X,O,X
242,ケッキング,332,O,O,O,O,X,X,X,O,X,O,O,O,O,X,O,X
243,マクノシタ,339,O,O,O,O,X,X,X,O,X,O,X,O,O,X,O,X
244,ハリテヤマ,340,O,O,O,O,X,X,X,O,X,O,X,O,O,X,O,X
245,ルリリ,341,O,O,O,O,X,X,X,O,X,O,X,O,O,X,O,X
246,ノズパス,342,X,X,X,X,X,X,O,O,X,O,X,O,O,X,O,X
247,ヤミラミ,345,O,O,O,O,X,X,X,O,O,O,X,O,O,X,O,X
248,アサナン,350,O,O,O,O,X,X,X,O,X,O,X,O,O,X,O,X
249,チャーレム,351,O,O,O,O,X,X,X,O,X,O,X,O,O,X,O,X
250,プラスル,354,X,X,X,X,X,O,X,X,X,X,O,O,O,X,O,X
251,マイナン,355,X,X,X,X,X,O,X,X,X,X,O,O,O,X,O,X
252,バルビート,356,X,X,X,X,X,X,O,O,X,O,X,O,O,X,O,X
253,イルミーゼ,357,X,X,X,X,X,X,O,O,X,O,X,O,O,X,O,X
254,ゴクリン,359,O,O,O,O,X,X,X,O,X,O,X,O,O,X,O,X
255,マルノーム,360,O,O,O,O,X,X,X,O,X,O,X,O,O,X,O,X
256,ドンメル,365,O,O,O,O,X,X,X,O,X,O,O,O,O,X,O,X
257,バクーダ,366,O,O,O,O,X,X,X,O,X,O,O,O,O,X,O,X
258,コータス,367,O,O,O,O,X,X,X,O,X,O,O,O,O,X,O,O
259,バネブー,368,O,O,O,O,X,X,O,O,X,O,X,O,O,X,O,X
260,ブーピッグ,369,O,O,O,O,X,X,O,O,X,O,X,O,O,X,O,X
261,ナックラー,371,X,X,X,X,X,O,X,X,X,X,O,O,O,X,O,X
262,ビブラーバ,372,X,X,X,X,X,O,X,X,X,X,O,O,O,X,O,X
263,フライゴン,373,X,X,X,X,X,O,X,X,X,X,O,O,O,X,O,X
264,サボネア,374,O,O,O,O,X,X,X,O,X,O,X,O,O,X,O,X
265,ノクタス,375,O,O,O,O,X,X,X,O,X,O,X,O,O,X,O,O
266,チルット,376,O,O,O,O,X,X,X,O,X,O,O,O,O,X,O,X
267,チルタリス,377,O,O,O,O,X,X,X,O,X,O,O,O,O,X,O,X
268,ザングース,378,O,O,O,O,X,X,X,O,X,O,O,O,O,X,O,X
269,ハブネーク,379,O,O,O,O,X,X,X,O,X,O,O,O,O,X,O,X
270,ドジョッチ,382,O,O,O,O,X,X,O,O,X,O,X,O,O,X,O,X
271,ナマズン,383,O,O,O,O,X,X,O,O,X,O,X,O,O,X,O,X
272,ヘイガニ,384,X,X,X,X,X,X,O,O,X,O,X,O,O,X,O,X
273,シザリガー,385,X,X,X,X,X,X,O,O,X,O,X,O,O,X,O,X
274,ヒンバス,392,X,X,X,X,X,X,O,O,X,O,X,O,O,X,O,X
275,ミロカロス,393,X,X,X,X,X,X,O,O,X,O,X,O,O,X,O,X
276,カゲボウズ,399,O,O,O,O,X,X,X,O,X,O,X,O,O,X,O,X
277,ジュペッタ,400,O,O,O,O,X,X,X,O,X,O,X,O,O,X,O,X
278,ヨマワル,401,X,X,X,X,X,X,O,O,X,O,X,O,O,X,O,X
279,サマヨール,402,X,X,X,X,X,X,O,O,X,O,X,O,O,X,O,X
280,トロピウス,403,O,O,O,O,X,X,X,O,X,O,X,O,O,X,O,X
281,チリーン,404,X,X,X,X,X,X,O,O,X,O,X,O,O,X,O,X
282,ユキワラシ,407,O,O,O,O,X,X,O,O,X,O,X,O,O,X,O,X
283,オニゴーリ,408,O,O,O,O,X,X,O,O,X,O,X,O,O,X,O,X
284,ラブカス,416,O,O,O,O,X,X,X,O,X,O,O,O,O,X,O,X
285,タツベイ,417,O,O,O,O,X,X,X,O,X,O,X,O,O,X,O,X
286,コモルー,418,O,O,O,O,X,X,X,O,X,O,X,O,O,X,O,X
287,ボーマンダ,419,O,O,O,O,X,X,X,O,X,O,X,O,O,X,O,X
288,ダンバル,420,X,X,X,X,X,O,X,X,X,X,O,O,O,X,O,X
289,メタング,421,X,X,X,X,X,O,X,X,X,X,O,O,O,X,O,X
290,メタグロス,422,X,X,X,X,X,O,X,X,X,X,O,O,O,X,O,X
291,レジロック,423,X,X,X,X,X,X,X,X,X,X,X,O,O,X,X,X
292,レジアイス,424,X,X,X,X,X,X,X,X,X,X,X,O,O,X,X,X
293,レジスチル,425,X,X,X,X,X,X,X,X,X,X,X,O,O,X,X,X
294,ラティアス,426,X,X,X,X,X,O,X,X,X,X,X,O,O,X,X,X
295,ラティオス,427,X,X,X,X,X,O,X,X,X,X,X,O,O,X,X,X
296,カイオーガ,428,X,X,X,X,X,X,X,X,X,X,X,X,O,O,X,X
297,グラードン,429,X,X,X,X,X,X,X,X,X,X,X,X,O,O,X,X
298,レックウザ,430,X,X,X,X,X,X,X,X,X,X,X,X,O,O,X,X
299,ジラーチ,431,X,X,X,X,X,X,X,X,X,X,X,X,X,X,X,X
300,デオキシス(ノーマルフォルム),432,X,X,X,X,X,O,X,X,X,X,X,X,X,X,X,X
301,ナエトル,436,X,X,X,X,X,X,X,O,X,O,O,O,O,X,O,X
302,ハヤシガメ,437,X,X,X,X,X,X,X,O,X,O,O,O,O,X,O,X
303,ドダイトス,438,X,X,X,X,X,X,X,O,X,O,O,O,O,X,O,X
304,ヒコザル,439,X,X,X,X,X,X,X,O,X,O,O,O,O,X,O,X
305,モウカザル,440,X,X,X,X,X,X,X,O,X,O,O,O,O,X,O,X
306,ゴウカザル,441,X,X,X,X,X,X,X,O,X,O,O,O,O,X,O,X
307,ポッチャマ,442,X,X,X,X,X,X,X,O,X,O,O,O,O,X,O,X
308,ポッタイシ,443,X,X,X,X,X,X,X,O,X,O,O,O,O,X,O,X
309,エンペルト,444,X,X,X,X,X,X,X,O,X,O,O,O,O,X,O,X
310,ムックル,445,O,O,O,O,X,X,O,O,X,O,X,O,O,X,O,X
311,ムクバード,446,O,O,O,O,X,X,O,O,X,O,X,O,O,X,O,X
312,ムクホーク,447,O,O,O,O,X,X,O,O,X,O,X,O,O,X,O,X
313,コロボーシ,450,O,O,O,O,X,X,O,O,X,O,X,O,O,X,O,X
314,コロトック,451,O,O,O,O,X,X,O,O,X,O,X,O,O,X,O,X
315,コリンク,452,O,O,O,O,X,X,O,O,X,O,X,O,O,X,O,X
316,ルクシオ,453,O,O,O,O,X,X,O,O,X,O,X,O,O,X,O,X
317,レントラー,454,O,O,O,O,X,X,O,O,X,O,X,O,O,X,O,X
318,ズガイドス,457,X,X,X,X,X,O,X,X,X,X,O,O,O,X,O,X
319,ラムパルド,458,X,X,X,X,X,O,X,X,X,X,O,O,O,X,O,X
320,タテトプス,459,X,X,X,X,X,O,X,X,X,X,O,O,O,X,O,X
321,トリデプス,460,X,X,X,X,X,O,X,X,X,X,O,O,O,X,O,X
322,ミツハニー,466,O,O,O,O,X,X,X,O,X,O,X,O,O,X,O,X
323,ビークイン,467,O,O,O,O,X,X,X,O,X,O,X,O,O,X,O,X
324,パチリス,468,O,O,O,O,X,X,O,O,X,O,X,O,O,X,O,X
325,ブイゼル,469,O,O,O,O,X,X,X,O,X,O,X,O,O,X,O,X
326,フローゼル,470,O,O,O,O,X,X,X,O,X,O,X,O,O,X,O,X
327,カラナクシ,473,O,O,O,O,X,X,X,O,X,O,X,O,O,X,O,X
328,トリトドン,474,O,O,O,O,X,X,X,O,X,O,X,O,O,X,O,X
329,エテボース,475,X,X,X,X,X,X,O,O,X,O,X,O,O,X,O,X
330,フワンテ,476,O,O,O,O,X,X,X,O,O,O,X,O,O,X,O,X
331,フワライド,477,O,O,O,O,X,X,X,O,O,O,X,O,O,X,O,X
332,ムウマージ,480,O,O,O,O,X,X,X,O,X,O,X,O,O,X,O,X
333,ドンカラス,481,O,O,O,O,X,X,X,O,X,O,X,O,O,X,O,O
334,リーシャン,484,X,X,X,X,X,X,O,O,X,O,X,O,O,X,O,X
335,スカンプー,485,O,O,O,O,X,X,X,O,X,O,X,O,O,X,O,X
336,スカタンク,486,O,O,O,O,X,X,X,O,X,O,X,O,O,X,O,O
337,ドーミラー,487,O,O,O,O,X,X,O,O,X,O,X,O,O,X,O,X
338,ドータクン,488,O,O,O,O,X,X,O,O,X,O,X,O,O,X,O,X
339,ウソハチ,489,O,O,O,O,X,X,O,O,X,O,X,O,O,X,O,X
340,ピンプク,491,O,O,O,O,X,X,X,O,X,O,O,O,O,X,O,X
341,ミカルゲ,493,O,O,O,O,X,X,X,O,O,O,X,O,O,X,O,X
342,フカマル,494,O,O,O,O,X,X,O,O,X,O,X,O,O,X,O,X
343,ガバイト,495,O,O,O,O,X,X,O,O,X,O,X,O,O,X,O,X
344,ガブリアス,496,O,O,O,O,X,X,O,O,X,O,X,O,O,X,O,X
345,ゴンベ,497,X,X,X,X,X,X,O,O,X,O,X,O,O,X,O,X
346,リオル,498,O,O,O,O,X,X,O,O,X,O,X,O,O,X,O,X
347,ルカリオ,499,O,O,O,O,X,X,O,O,X,O,X,O,O,X,O,O
348,ヒポポタス,500,O,O,O,O,X,X,X,O,X,O,X,O,O,X,O,X
349,カバルドン,501,O,O,O,O,X,X,X,O,X,O,X,O,O,X,O,X
350,グレッグル,504,O,O,O,O,X,X,X,O,X,O,X,O,O,X,O,X
351,ドクロッグ,505,O,O,O,O,X,X,X,O,X,O,X,O,O,X,O,O
352,ケイコウオ,507,O,O,O,O,X,X,X,O,X,O,O,O,O,X,O,X
353,ネオラント,508,O,O,O,O,X,X,X,O,X,O,O,O,O,X,O,X
354,ユキカブリ,510,O,O,O,O,X,X,X,O,X,O,O,O,O,X,O,X
355,ユキノオー,511,O,O,O,O,X,X,X,O,X,O,O,O,O,X,O,X
356,マニューラ,512,O,O,O,O,X,X,O,O,X,O,X,O,O,X,O,X
357,ジバコイル,513,O,O,O,O,X,X,X,O,X,O,O,O,O,X,O,X
358,ドサイドン,515,X,X,X,X,X,O,X,X,X,X,O,O,O,X,O,X
359,エレキブル,517,X,X,X,X,X,O,X,X,X,X,O,O,O,X,O,X
360,ブーバーン,518,X,X,X,X,X,O,X,X,X,X,O,O,O,X,O,X
361,メガヤンマ,520,X,X,X,X,X,X,O,O,X,O,X,O,O,X,O,X
362,リーフィア,521,O,O,O,O,X,X,X,O,X,O,X,O,O,X,O,X
363,グレイシア,522,O,O,O,O,X,X,X,O,X,O,X,O,O,X,O,X
364,グライオン,523,X,X,X,X,X,X,O,O,X,O,X,O,O,X,O,X
365,マンムー,524,X,X,X,X,X,X,O,O,X,O,X,O,O,X,O,X
366,ポリゴンZ,525,X,X,X,X,X,O,X,X,X,X,O,O,O,X,O,X
367,エルレイド,526,O,O,O,O,X,X,O,O,X,O,X,O,O,X,O,X
368,ダイノーズ,527,X,X,X,X,X,X,O,O,X,O,X,O,O,X,O,X
369,ヨノワール,528,X,X,X,X,X,X,O,O,O,O,X,O,O,X,O,X
370,ユキメノコ,529,O,O,O,O,X,X,O,O,O,O,X,O,O,X,O,X
371,ロトム(通常),530,O,O,O,O,X,X,X,O,O,O,O,O,O,X,O,X
372,ロトム(ヒート),531,O,O,O,O,X,X,X,O,X,O,O,O,O,X,O,X
373,ロトム(ウォッシュ),532,O,O,O,O,X,X,X,O,X,O,O,O,O,X,O,X
374,ロトム(フロスト),533,O,O,O,O,X,X,X,O,X,O,O,O,O,X,O,X
375,ロトム(スピン),534,O,O,O,O,X,X,X,O,X,O,O,O,O,X,O,X
376,ロトム(カット),535,O,O,O,O,X,X,X,O,X,O,O,O,O,X,O,X
377,ユクシー,536,O,X,X,X,X,X,X,O,X,O,X,O,O,X,X,X
378,エムリット,537,O,X,X,X,X,X,X,O,X,O,X,O,O,X,X,X
379,アグノム,538,O,X,X,X,X,X,X,O,X,O,X,O,O,X,X,X
380,ディアルガ(通常),539,X,X,X,X,X,X,X,X,X,X,X,X,O,O,X,X
381,ディアルガ(オリジンフォルム),540,X,X,X,X,X,X,X,X,X,X,X,X,O,O,X,X
382,パルキア(通常),541,X,X,X,X,X,X,X,X,X,X,X,X,O,O,X,X
383,パルキア(オリジンフォルム),542,X,X,X,X,X,X,X,X,X,X,X,X,O,O,X,X
384,ヒードラン,543,O,X,X,X,X,X,X,O,X,O,X,O,O,X,X,X
385,レジギガス,544,X,X,X,X,X,X,X,X,X,X,X,O,O,X,X,X
386,ギラティナ(アナザーフォルム),545,X,X,X,X,X,X,X,X,X,X,X,X,O,O,X,X
387,ギラティナ(オリジンフォルム),546,X,X,X,X,X,X,X,X,X,X,X,X,O,O,X,X
388,クレセリア,547,O,X,X,X,X,X,X,O,X,O,X,O,O,X,X,X
389,フィオネ,548,X,X,X,X,X,X,X,X,X,X,X,X,X,X,X,X
390,マナフィ,549,X,X,X,X,X,X,X,X,X,X,X,X,X,X,X,X
391,ダークライ,550,X,X,X,X,X,X,X,X,X,X,X,X,X,X,X,X
392,シェイミ(ランドフォルム),551,X,X,X,X,X,X,X,X,X,X,X,X,X,X,X,X
393,シェイミ(スカイフォルム),552,X,X,X,X,X,X,X,X,X,X,X,X,X,X,X,X
394,アルセウス,553,X,X,X,X,X,X,X,X,X,X,X,X,X,X,X,X
395,ツタージャ,555,X,X,X,X,X,O,X,X,X,X,O,O,O,X,O,X
396,ジャノビー,556,X,X,X,X,X,O,X,X,X,X,O,O,O,X,O,X
397,ジャローダ,557,X,X,X,X,X,O,X,X,X,X,O,O,O,X,O,X
398,ポカブ,558,X,X,X,X,X,O,X,X,X,X,O,O,O,X,O,X
399,チャオブー,559,X,X,X,X,X,O,X,X,X,X,O,O,O,X,O,X
400,エンブオー,560,X,X,X,X,X,O,X,X,X,X,O,O,O,X,O,X
401,ミジュマル,561,O,X,X,X,X,X,X,O,X,O,O,O,O,X,O,X
402,フタチマル,562,O,X,X,X,X,X,X,O,X,O,O,O,O,X,O,X
403,ダイケンキ(原種),563,O,X,X,X,X,X,X,O,X,O,O,O,O,X,O,X
404,ダイケンキ(ヒスイのすがた),564,O,X,X,X,X,X,X,O,X,O,X,O,O,X,O,X
405,シママ,583,X,X,X,X,X,O,X,X,X,X,O,O,O,X,O,X
406,ゼブライカ,584,X,X,X,X,X,O,X,X,X,X,O,O,O,X,O,X
407,モグリュー,590,X,X,X,X,X,O,X,X,X,X,O,O,O,X,O,X
408,ドリュウズ,591,X,X,X,X,X,O,X,X,X,X,O,O,O,X,O,X
409,ドッコラー,593,X,X,X,X,X,X,O,O,X,O,X,O,O,X,O,X
410,ドテッコツ,594,X,X,X,X,X,X,O,O,X,O,X,O,O,X,O,X
411,ローブシン,595,X,X,X,X,X,X,O,O,X,O,X,O,O,X,O,X
412,クルミル,601,X,X,X,X,X,X,O,O,X,O,X,O,O,X,O,X
413,クルマユ,602,X,X,X,X,X,X,O,O,X,O,X,O,O,X,O,X
414,ハハコモリ,603,X,X,X,X,X,X,O,O,X,O,X,O,O,X,O,X
415,モンメン,607,X,X,X,X,X,O,X,X,X,X,O,O,O,X,O,X
416,エルフーン,608,X,X,X,X,X,O,X,X,X,X,O,O,O,X,O,X
417,チュリネ,609,O,O,O,O,X,X,O,O,X,O,X,O,O,X,O,X
418,ドレディア(原種),610,O,O,O,O,X,X,O,O,X,O,X,O,O,X,O,X
419,ドレディア(ヒスイのすがた),611,O,X,X,X,X,X,X,O,X,O,X,O,O,X,O,X
420,バスラオ(あかすじ),613,O,O,O,O,X,X,O,O,X,O,X,O,O,X,O,X
421,バスラオ(しろすじ),614,O,X,X,X,X,X,O,O,X,O,X,O,O,X,O,X
422,メグロコ,615,O,O,O,O,X,X,X,O,X,O,O,O,O,X,O,X
423,ワルビル,616,O,O,O,O,X,X,X,O,X,O,O,O,O,X,O,X
424,ワルビアル,617,O,O,O,O,X,X,X,O,X,O,O,O,O,X,O,O
425,ズルッグ,627,X,X,X,X,X,O,X,X,X,X,O,O,O,X,O,X
426,ズルズキン,628,X,X,X,X,X,O,X,X,X,X,O,O,O,X,O,X
427,ゾロア(原種),639,O,O,O,O,X,X,X,O,X,O,X,O,O,X,O,X
428,ゾロア(ヒスイのすがた),640,O,X,X,X,X,X,X,O,O,O,X,O,O,X,O,X
429,ゾロアーク(原種),641,O,O,O,O,X,X,X,O,X,O,X,O,O,X,O,X
430,ゾロアーク(ヒスイのすがた),642,O,X,X,X,X,X,X,O,O,O,X,O,O,X,O,X
431,チラーミィ,643,X,X,X,X,X,O,X,X,X,X,O,O,O,X,O,X
432,チラチーノ,644,X,X,X,X,X,O,X,X,X,X,O,O,O,X,O,X
433,ゴチム,645,O,O,O,O,X,X,X,O,X,O,O,O,O,X,O,X
434,ゴチミル,646,O,O,O,O,X,X,X,O,X,O,O,O,O,X,O,X
435,ゴチルゼル,647,O,O,O,O,X,X,X,O,X,O,O,O,O,X,O,X
436,ユニラン,648,X,X,X,X,X,O,X,X,X,X,O,O,O,X,O,X
437,ダブラン,649,X,X,X,X,X,O,X,X,X,X,O,O,O,X,O,X
438,ランクルス,650,X,X,X,X,X,O,X,X,X,X,O,O,O,X,O,X
439,コアルヒー,651,X,X,X,X,X,X,O,O,X,O,X,O,O,X,O,X
440,スワンナ,652,X,X,X,X,X,X,O,O,X,O,X,O,O,X,O,X
441,シキジカ,656,O,O,O,O,X,X,X,O,X,O,O,O,O,X,O,X
442,メブキジカ,657,O,O,O,O,X,X,X,O,X,O,O,O,O,X,O,X
443,タマゲタケ,661,O,O,O,O,X,X,X,O,X,O,X,O,O,X,O,X
444,モロバレル,662,O,O,O,O,X,X,X,O,X,O,X,O,O,X,O,X
445,ママンボウ,665,O,O,O,O,X,X,X,O,X,O,O,O,O,X,O,X
446,バチュル,666,X,X,X,X,X,O,X,X,X,X,O,O,O,X,O,X
447,デンチュラ,667,X,X,X,X,X,O,X,X,X,X,O,O,O,X,O,X
448,シビシラス,673,O,O,O,O,X,X,O,O,X,O,O,O,O,X,O,X
449,シビビール,674,O,O,O,O,X,X,O,O,X,O,O,O,O,X,O,X
450,シビルドン,675,O,O,O,O,X,X,O,O,X,O,O,O,O,X,O,X
451,ヒトモシ,678,X,X,X,X,X,X,O,O,O,O,X,O,O,X,O,X
452,ランプラー,679,X,X,X,X,X,X,O,O,O,O,X,O,O,X,O,X
453,シャンデラ,680,X,X,X,X,X,X,O,O,O,O,X,O,O,X,O,X
454,キバゴ,681,O,O,O,O,X,X,X,O,X,O,O,O,O,X,O,X
455,オノンド,682,O,O,O,O,X,X,X,O,X,O,O,O,O,X,O,X
456,オノノクス,683,O,O,O,O,X,X,X,O,X,O,O,O,O,X,O,X
457,クマシュン,684,O,O,O,O,X,X,X,O,X,O,O,O,O,X,O,X
458,ツンベアー,685,O,O,O,O,X,X,X,O,X,O,O,O,O,X,O,X
459,フリージオ,686,O,O,O,O,X,X,X,O,X,O,X,O,O,X,O,X
460,コジョフー,691,X,X,X,X,X,X,O,O,X,O,X,O,O,X,O,X
461,コジョンド,692,X,X,X,X,X,X,O,O,X,O,X,O,O,X,O,X
462,ゴビット,694,X,X,X,X,X,O,X,X,X,X,O,O,O,X,O,X
463,ゴルーグ,695,X,X,X,X,X,O,X,X,X,X,O,O,O,X,O,X
464,コマタナ,696,O,O,O,O,X,X,O,O,X,O,X,O,O,X,O,O
465,キリキザン,697,O,O,O,O,X,X,O,O,X,O,X,O,O,X,O,X
466,ワシボン,699,O,O,O,O,X,X,X,O,X,O,O,O,O,X,O,X
467,ウォーグル(原種),700,O,O,O,O,X,X,X,O,X,O,O,O,O,X,O,X
468,ウォーグル(ヒスイのすがた),701,O,X,X,X,X,X,X,O,X,O,X,O,O,X,O,X
469,バルチャイ,702,X,X,X,X,X,X,O,O,X,O,O,O,O,X,O,X
470,バルジーナ,703,X,X,X,X,X,X,O,O,X,O,O,O,O,X,O,X
471,モノズ,706,O,O,O,O,X,X,X,O,X,O,X,O,O,X,O,X
472,ジヘッド,707,O,O,O,O,X,X,X,O,X,O,X,O,O,X,O,X
473,サザンドラ,708,O,O,O,O,X,X,X,O,X,O,X,O,O,X,O,X
474,メラルバ,709,O,O,O,O,X,X,X,O,X,O,X,O,O,X,O,X
475,ウルガモス,710,O,O,O,O,X,X,X,O,X,O,X,O,O,X,O,X
476,コバルオン,711,X,X,X,X,X,O,X,X,X,X,X,O,O,X,O,X
477,テラキオン,712,X,X,X,X,X,O,X,X,X,X,X,O,O,X,O,X
478,ビリジオン,713,X,X,X,X,X,O,X,X,X,X,X,O,O,X,O,X
479,トルネロス(けしんフォルム),714,O,X,X,X,X,X,X,O,X,O,X,O,O,X,X,X
480,トルネロス(れいじゅうフォルム),715,O,X,X,X,X,X,X,O,X,O,X,O,O,X,X,X
481,ボルトロス(けしんフォルム),716,O,X,X,X,X,X,X,O,X,O,X,O,O,X,X,X
482,ボルトロス(れいじゅうフォルム),717,O,X,X,X,X,X,X,O,X,O,X,O,O,X,X,X
483,レシラム,718,X,X,X,X,X,O,X,X,X,X,X,X,O,O,X,X
484,ゼクロム,719,X,X,X,X,X,O,X,X,X,X,X,X,O,O,X,X
485,ランドロス(けしんフォルム),720,O,X,X,X,X,X,X,O,X,O,X,O,O,X,X,X
486,ランドロス(れいじゅうフォルム),721,O,X,X,X,X,X,X,O,X,O,X,O,O,X,X,X
487,キュレム(通常),722,X,X,X,X,X,O,X,X,X,X,X,X,O,O,X,X
488,キュレム(ブラックキュレム),723,X,X,X,X,X,O,X,X,X,X,X,X,O,O,X,X
489,キュレム(ホワイトキュレム),724,X,X,X,X,X,O,X,X,X,X,X,X,O,O,X,X
490,ケルディオ(いつものすがた),725,X,X,X,X,X,O,X,X,X,X,X,X,X,X,X,X
491,メロエッタ(ステップフォルム),727,X,X,X,X,X,X,X,X,X,X,X,X,X,X,X,X
492,ハリマロン,730,O,X,X,X,X,X,X,O,X,O,O,O,O,X,O,X
493,ハリボーグ,731,O,X,X,X,X,X,X,O,X,O,O,O,O,X,O,X
494,ブリガロン,732,O,X,X,X,X,X,X,O,X,O,O,O,O,X,O,X
495,フォッコ,733,O,X,X,X,X,X,X,O,X,O,O,O,O,X,O,X
496,テールナー,734,O,X,X,X,X,X,X,O,X,O,O,O,O,X,O,X
497,マフォクシー,735,O,X,X,X,X,X,X,O,X,O,O,O,O,X,O,X
498,ケロマツ,736,O,X,X,X,X,X,X,O,X,O,O,O,O,X,O,X
499,ゲコガシラ,737,O,X,X,X,X,X,X,O,X,O,O,O,O,X,O,X
500,ゲッコウガ(通常),738,O,X,X,X,X,X,X,O,X,O,O,O,O,X,O,X
501,ヤヤコマ,742,O,O,O,O,X,X,X,O,X,O,O,O,O,X,O,X
502,ヒノヤコマ,743,O,O,O,O,X,X,X,O,X,O,O,O,O,X,O,X
503,ファイアロー,744,O,O,O,O,X,X,X,O,X,O,O,O,O,X,O,X
504,コフキムシ,745,O,O,O,O,X,X,X,O,X,O,X,O,O,X,O,X
505,コフーライ,746,O,O,O,O,X,X,X,O,X,O,X,O,O,X,O,X
506,ビビヨン,747,O,O,O,O,X,X,X,O,X,O,X,O,O,X,O,X
507,シシコ,748,O,O,O,O,X,X,X,O,X,O,O,O,O,X,O,X
508,カエンジシ,749,O,O,O,O,X,X,X,O,X,O,O,O,O,X,O,X
509,フラベベ,750,O,O,O,O,X,X,X,O,X,O,X,O,O,X,O,X
510,フラエッテ,751,O,O,O,O,X,X,X,O,X,O,X,O,O,X,O,X
511,フラージェス,752,O,O,O,O,X,X,X,O,X,O,X,O,O,X,O,X
512,メェークル,753,O,O,O,O,X,X,X,O,X,O,X,O,O,X,O,X
513,ゴーゴート,754,O,O,O,O,X,X,X,O,X,O,X,O,O,X,O,X
514,ニャスパー,758,X,X,X,X,X,O,X,X,X,X,O,O,O,X,O,X
515,ニャオニクス(オスのすがた),759,X,X,X,X,X,O,X,X,X,X,O,O,O,X,O,X
516,ニャオニクス(メスのすがた),760,X,X,X,X,X,O,X,X,X,X,O,O,O,X,O,X
517,マーイーカ,769,X,X,X,X,X,O,X,X,X,X,O,O,O,X,O,X
518,カラマネロ,770,X,X,X,X,X,O,X,X,X,X,O,O,O,X,O,X
519,クズモー,773,O,O,O,O,X,X,X,O,X,O,X,O,O,X,O,X
520,ドラミドロ,774,O,O,O,O,X,X,X,O,X,O,X,O,O,X,O,O
521,ウデッポウ,775,O,O,O,O,X,X,X,O,X,O,X,O,O,X,O,X
522,ブロスター,776,O,O,O,O,X,X,X,O,X,O,X,O,O,X,O,X
523,ニンフィア,783,O,O,O,O,X,X,X,O,X,O,X,O,O,X,O,X
524,ルチャブル,784,O,O,O,O,X,X,X,O,X,O,X,O,O,X,O,X
525,デデンネ,785,O,O,O,O,X,X,X,O,X,O,X,O,O,X,O,X
526,メレシー,786,O,X,X,X,X,X,O,O,X,O,X,O,O,X,O,X
527,ヌメラ,787,O,O,O,O,X,X,O,O,X,O,X,O,O,X,O,X
528,ヌメイル(原種),788,O,O,O,O,X,X,O,O,X,O,X,O,O,X,O,X
529,ヌメイル(ヒスイのすがた),789,O,X,X,X,X,X,X,O,X,O,X,O,O,X,O,X
530,ヌメルゴン(原種),790,O,O,O,O,X,X,O,O,X,O,X,O,O,X,O,X
531,ヌメルゴン(ヒスイのすがた),791,O,X,X,X,X,X,X,O,X,O,X,O,O,X,O,X
532,クレッフィ,792,O,O,O,O,X,X,X,O,X,O,X,O,O,X,O,O
533,ボクレー,793,X,X,X,X,X,X,O,O,O,O,X,O,O,X,O,X
534,オーロット,794,X,X,X,X,X,X,O,O,O,O,X,O,O,X,O,X
535,カチコール,803,O,O,O,O,X,X,X,O,X,O,X,O,O,X,O,X
536,クレベース(原種),804,O,O,O,O,X,X,X,O,X,O,X,O,O,X,O,X
537,クレベース(ヒスイのすがた),805,O,X,X,X,X,X,X,O,X,O,X,O,O,X,O,X
538,オンバット,806,O,O,O,O,X,X,O,O,X,O,X,O,O,X,O,X
539,オンバーン,807,O,O,O,O,X,X,O,O,X,O,X,O,O,X,O,X
540,ディアンシー,813,X,X,X,X,X,X,X,X,X,X,X,X,X,X,X,X
541,フーパ(いましめられしフーパ),814,X,X,X,X,X,X,X,X,X,X,X,X,X,X,X,X
542,ボルケニオン,816,X,X,X,X,X,X,X,X,X,X,X,X,X,X,X,X
543,モクロー,817,O,X,X,X,X,X,X,O,X,O,O,O,O,X,O,X
544,フクスロー,818,O,X,X,X,X,X,X,O,X,O,O,O,O,X,O,X
545,ジュナイパー(原種),819,O,X,X,X,X,X,X,O,O,O,O,O,O,X,O,X
546,ジュナイパー(ヒスイのすがた),820,O,X,X,X,X,X,X,O,X,O,X,O,O,X,O,X
547,ニャビー,821,X,X,X,X,X,O,X,X,X,X,O,O,O,X,O,X
548,ニャヒート,822,X,X,X,X,X,O,X,X,X,X,O,O,O,X,O,X
549,ガオガエン,823,X,X,X,X,X,O,X,X,X,X,O,O,O,X,O,X
550,アシマリ,824,X,X,X,X,X,O,X,X,X,X,O,O,O,X,O,X
551,オシャマリ,825,X,X,X,X,X,O,X,X,X,X,O,O,O,X,O,X
552,アシレーヌ,826,X,X,X,X,X,O,X,X,X,X,O,O,O,X,O,X
553,ツツケラ,827,X,X,X,X,X,O,X,X,X,X,O,O,O,X,O,X
554,ケララッパ,828,X,X,X,X,X,O,X,X,X,X,O,O,O,X,O,X
555,ドデカバシ,829,X,X,X,X,X,O,X,X,X,X,O,O,O,X,O,X
556,ヤングース,830,O,O,O,O,X,X,X,O,X,O,X,O,O,X,O,X
557,デカグース,831,O,O,O,O,X,X,X,O,X,O,X,O,O,X,O,X
558,アゴジムシ,832,X,X,X,X,X,X,O,O,X,O,X,O,O,X,O,X
559,デンヂムシ,833,X,X,X,X,X,X,O,O,X,O,X,O,O,X,O,X
560,クワガノン,834,X,X,X,X,X,X,O,O,X,O,X,O,O,X,O,X
561,マケンカニ,835,O,O,O,O,X,X,X,O,X,O,O,O,O,X,O,X
562,ケケンカニ,836,O,O,O,O,X,X,X,O,X,O,O,O,O,X,O,X
563,オドリドリ(めらめらスタイル),837,O,O,O,O,X,X,O,O,X,O,O,O,O,X,O,X
564,オドリドリ(ぱちぱちスタイル),838,O,O,O,O,X,X,O,O,X,O,O,O,O,X,O,X
565,オドリドリ(ふらふらスタイル),839,O,O,O,O,X,X,O,O,X,O,O,O,O,X,O,X
566,オドリドリ(まいまいスタイル),840,O,O,O,O,X,X,O,O,O,O,O,O,O,X,O,X
567,アブリー,841,X,X,X,X,X,X,O,O,X,O,X,O,O,X,O,X
568,アブリボン,842,X,X,X,X,X,X,O,O,X,O,X,O,O,X,O,X
569,イワンコ,843,O,O,O,O,X,X,O,O,X,O,X,O,O,X,O,X
570,ルガルガン(まひるのすがた),844,O,O,O,O,X,X,O,O,X,O,X,O,O,X,O,X
571,ルガルガン(まよなかのすがた),845,O,O,O,O,X,X,O,O,X,O,X,O,O,X,O,X
572,ルガルガン(たそがれのすがた),846,O,O,O,O,X,X,O,O,X,O,X,O,O,X,O,X
573,ヒドイデ,849,O,O,O,O,X,X,X,O,X,O,X,O,O,X,O,X
574,ドヒドイデ,850,O,O,O,O,X,X,X,O,X,O,X,O,O,X,O,O
575,ドロバンコ,851,O,O,O,O,X,X,O,O,X,O,X,O,O,X,O,X
576,バンバドロ,852,O,O,O,O,X,X,O,O,X,O,X,O,O,X,O,X
577,シズクモ,853,X,X,X,X,X,O,X,X,X,X,O,O,O,X,O,X
578,オニシズクモ,854,X,X,X,X,X,O,X,X,X,X,O,O,O,X,O,X
579,カリキリ,855,O,O,O,O,X,X,O,O,X,O,X,O,O,X,O,X
580,ラランテス,856,O,O,O,O,X,X,O,O,X,O,X,O,O,X,O,X
581,ヤトウモリ,859,O,O,O,O,X,X,O,O,X,O,X,O,O,X,O,X
582,エンニュート,860,O,O,O,O,X,X,O,O,X,O,X,O,O,X,O,X
583,アマカジ,863,O,O,O,O,X,X,X,O,X,O,X,O,O,X,O,X
584,アママイコ,864,O,O,O,O,X,X,X,O,X,O,X,O,O,X,O,X
585,アマージョ,865,O,O,O,O,X,X,X,O,X,O,X,O,O,X,O,X
586,キュワワー,866,X,X,X,X,X,O,X,X,X,X,O,O,O,X,O,X
587,ヤレユータン,867,O,O,O,O,X,X,X,O,X,O,X,O,O,X,O,X
588,ナゲツケサル,868,O,O,O,O,X,X,X,O,X,O,X,O,O,X,O,O
589,スナバァ,871,O,O,O,O,X,X,X,O,O,O,X,O,O,X,O,X
590,シロデスナ,872,O,O,O,O,X,X,X,O,O,O,X,O,O,X,O,X
591,メテノ(コア),877,X,X,X,X,X,O,X,X,X,X,O,O,O,X,O,X
592,ネッコアラ,878,O,O,O,O,X,X,X,O,X,O,X,O,O,X,O,X
593,ミミッキュ,881,O,O,O,O,X,X,O,O,O,O,X,O,O,X,O,X
594,ハギギシリ,882,O,O,O,O,X,X,X,O,X,O,O,O,O,X,O,X
595,ジャラコ,885,X,X,X,X,X,X,O,O,X,O,X,O,O,X,O,X
596,ジャランゴ,886,X,X,X,X,X,X,O,O,X,O,X,O,O,X,O,X
597,ジャラランガ,887,X,X,X,X,X,X,O,O,X,O,X,O,O,X,O,X
598,コスモッグ,892,X,X,X,X,X,O,X,X,X,X,X,X,O,O,X,X
599,コスモウム,893,X,X,X,X,X,O,X,X,X,X,X,X,O,O,X,X
600,ソルガレオ,894,X,X,X,X,X,O,X,X,X,X,X,X,O,O,X,X
601,ルナアーラ,895,X,X,X,X,X,O,X,X,X,X,X,X,O,O,X,X
602,ネクロズマ,903,X,X,X,X,X,O,X,X,X,X,X,X,O,O,X,X
603,ネクロズマ(たそがれのたてがみ),904,X,X,X,X,X,O,X,X,X,X,X,X,O,O,X,X
604,ネクロズマ(あかつきのつばさ),905,X,X,X,X,X,O,X,X,X,X,X,X,O,O,X,X
605,マギアナ,907,X,X,X,X,X,X,X,X,X,X,X,X,X,X,X,X
606,サルノリ,916,O,X,X,X,X,X,X,O,X,O,O,O,O,X,O,X
607,バチンキー,917,O,X,X,X,X,X,X,O,X,O,O,O,O,X,O,X
608,ゴリランダー,918,O,X,X,X,X,X,X,O,X,O,O,O,O,X,O,X
609,ヒバニー,919,O,X,X,X,X,X,X,O,X,O,O,O,O,X,O,X
610,ラビフット,920,O,X,X,X,X,X,X,O,X,O,O,O,O,X,O,X
611,エースバーン,921,O,X,X,X,X,X,X,O,X,O,O,O,O,X,O,X
612,メッソン,922,O,X,X,X,X,X,X,O,X,O,O,O,O,X,O,X
613,ジメレオン,923,O,X,X,X,X,X,X,O,X,O,O,O,O,X,O,X
614,インテレオン,924,O,X,X,X,X,X,X,O,X,O,O,O,O,X,O,X
615,ホシガリス,925,O,O,O,O,X,X,O,O,X,O,X,O,O,X,O,X
616,ヨクバリス,926,O,O,O,O,X,X,O,O,X,O,X,O,O,X,O,X
617,ココガラ,927,O,O,O,O,X,X,X,O,X,O,X,O,O,X,O,X
618,アオガラス,928,O,O,O,O,X,X,X,O,X,O,X,O,O,X,O,X
619,アーマーガア,929,O,O,O,O,X,X,X,O,X,O,X,O,O,X,O,X
620,カムカメ,939,O,O,O,O,X,X,O,O,X,O,X,O,O,X,O,X
621,カジリガメ,940,O,O,O,O,X,X,O,O,X,O,X,O,O,X,O,X
622,タンドン,943,O,O,O,O,X,X,X,O,X,O,X,O,O,X,O,X
623,トロッゴン,944,O,O,O,O,X,X,X,O,X,O,X,O,O,X,O,X
624,セキタンザン,945,O,O,O,O,X,X,X,O,X,O,X,O,O,X,O,O
625,カジッチュ,946,O,O,O,O,X,X,O,O,X,O,X,O,O,X,O,X
626,アップリュー,947,O,O,O,O,X,X,O,O,X,O,X,O,O,X,O,X
627,タルップル,948,O,O,O,O,X,X,O,O,X,O,X,O,O,X,O,X
628,スナヘビ,949,O,O,O,O,X,X,X,O,X,O,X,O,O,X,O,X
629,サダイジャ,950,O,O,O,O,X,X,X,O,X,O,X,O,O,X,O,X
630,ウッウ,951,X,X,X,X,X,X,O,O,X,O,X,O,O,X,O,X
631,サシカマス,952,O,O,O,O,X,X,O,O,X,O,X,O,O,X,O,X
632,カマスジョー,953,O,O,O,O,X,X,O,O,X,O,X,O,O,X,O,X
633,エレズン,954,O,O,O,O,X,X,X,O,X,O,X,O,O,X,O,X
634,ストリンダー(ハイなすがた),955,O,O,O,O,X,X,X,O,X,O,X,O,O,X,O,X
635,ストリンダー(ローなすがた),956,O,O,O,O,X,X,X,O,X,O,X,O,O,X,O,X
636,ヤバチャ,961,O,O,O,O,X,X,X,O,O,O,O,O,O,X,O,X
637,ポットデス,962,O,O,O,O,X,X,X,O,O,O,O,O,O,X,O,X
638,ミブリム,963,O,O,O,O,X,X,O,O,X,O,X,O,O,X,O,X
639,テブリム,964,O,O,O,O,X,X,O,O,X,O,X,O,O,X,O,X
640,ブリムオン,965,O,O,O,O,X,X,O,O,X,O,X,O,O,X,O,O
641,ベロバー,966,O,O,O,O,X,X,O,O,X,O,X,O,O,X,O,X
642,ギモー,967,O,O,O,O,X,X,O,O,X,O,X,O,O,X,O,X
643,オーロンゲ,968,O,O,O,O,X,X,O,O,X,O,X,O,O,X,O,X
644,ニャイキング,970,O,X,X,X,X,X,X,O,X,O,X,O,O,X,O,X
645,マホミル,975,X,X,X,X,X,O,X,X,X,X,O,O,O,X,O,X
646,マホイップ,976,X,X,X,X,X,O,X,X,X,X,O,O,O,X,O,X
647,タイレーツ,977,O,O,O,O,X,X,X,O,X,O,X,O,O,X,O,X
648,バチンウニ,978,O,O,O,O,X,X,X,O,X,O,X,O,O,X,O,X
649,ユキハミ,979,O,O,O,O,X,X,X,O,X,O,X,O,O,X,O,X
650,モスノウ,980,O,O,O,O,X,X,X,O,X,O,X,O,O,X,O,X
651,イシヘンジン,981,O,O,O,O,X,X,X,O,X,O,X,O,O,X,O,X
652,コオリッポ(アイスフェイス),982,O,O,O,O,X,X,X,O,X,O,X,O,O,X,O,X
653,イエッサン(オスのすがた),984,O,O,O,O,X,X,O,O,X,O,X,O,O,X,O,X
654,イエッサン(メスのすがた),985,O,O,O,O,X,X,O,O,X,O,X,O,O,X,O,X
655,モルペコ,986,X,X,X,X,X,X,O,O,X,O,X,O,O,X,O,X
656,ゾウドウ,987,O,O,O,O,X,X,X,O,X,O,X,O,O,X,O,X
657,ダイオウドウ,988,O,O,O,O,X,X,X,O,X,O,X,O,O,X,O,X
658,ジュラルドン,993,X,X,X,X,X,O,X,X,X,X,O,O,O,X,O,X
659,ドラメシヤ,994,O,O,O,O,X,X,X,O,O,O,X,O,O,X,O,X
660,ドロンチ,995,O,O,O,O,X,X,X,O,O,O,X,O,O,X,O,X
661,ドラパルト,996,O,O,O,O,X,X,X,O,O,O,X,O,O,X,O,X
662,ザシアン(れきせんのゆうしゃ),997,X,X,X,X,X,X,X,X,X,X,X,X,O,O,X,X
663,ザシアン(けんのおう),998,X,X,X,X,X,X,X,X,X,X,X,X,O,O,X,X
664,ザマゼンタ(れきせんのゆうしゃ),999,X,X,X,X,X,X,X,X,X,X,X,X,O,O,X,X
665,ザマゼンタ(たてのおう),1000,X,X,X,X,X,X,X,X,X,X,X,X,O,O,X,X
666,ムゲンダイナ(通常),1001,X,X,X,X,X,X,X,X,X,X,X,X,O,O,X,X
667,ダクマ,1003,O,X,X,X,X,X,X,O,X,O,X,O,O,X,X,X
668,ウーラオス(いちげきのかた),1004,O,X,X,X,X,X,X,O,X,O,X,O,O,X,X,X
669,ウーラオス(れんげきのかた),1005,O,X,X,X,X,X,X,O,X,O,X,O,O,X,X,X
670,ザルード,1006,X,X,X,X,X,X,X,X,X,X,X,X,X,X,X,X
671,レジエレキ,1007,O,X,X,X,X,X,X,O,X,O,X,O,O,X,X,X
672,レジドラゴ,1008,O,X,X,X,X,X,X,O,X,O,X,O,O,X,X,X
673,ブリザポス,1009,O,X,X,X,X,X,X,O,X,O,X,O,O,X,X,X
674,レイスポス,1010,O,X,X,X,X,X,X,O,O,O,X,O,O,X,X,X
675,バドレックス(通常),1011,X,X,X,X,X,X,X,X,X,X,X,X,O,O,X,X
676,バドレックス(こくばじょうのすがた),1012,X,X,X,X,X,X,X,X,X,X,X,X,O,O,X,X
677,バドレックス(はくばじょうのすがた),1013,X,X,X,X,X,X,X,X,X,X,X,X,O,O,X,X
678,アヤシシ,1014,O,X,X,X,X,X,O,O,X,O,X,O,O,X,O,X
679,バサギリ,1015,O,X,X,X,X,X,X,O,X,O,O,O,O,X,O,X
680,ガチグマ(通常),1016,O,X,X,X,X,X,X,O,X,O,X,O,O,X,O,X
681,ガチグマ(あかつき),1017,X,X,X,X,X,X,O,O,X,O,X,O,O,X,O,X
682,イダイトウ(オスのすがた),1018,O,X,X,X,X,X,O,O,O,O,X,O,O,X,O,X
683,イダイトウ(メスのすがた),1019,O,X,X,X,X,X,O,O,O,O,X,O,O,X,O,X
684,オオニューラ,1020,O,X,X,X,X,X,X,O,X,O,X,O,O,X,O,X
685,ハリーマン,1021,O,X,X,X,X,X,X,O,X,O,X,O,O,X,O,X
686,ラブトロス(けしんフォルム),1022,O,X,X,X,X,X,X,O,X,O,X,O,O,X,X,X
687,ラブトロス(れいじゅうフォルム),1023,O,X,X,X,X,X,X,O,X,O,X,O,O,X,X,X
688,ニャオハ,1024,O,O,O,O,X,X,X,O,X,O,X,O,O,X,O,X
689,ニャローテ,1025,O,O,O,O,X,X,X,O,X,O,X,O,O,X,O,X
690,マスカーニャ,1026,O,O,O,O,X,X,X,O,X,O,X,O,O,X,O,X
691,ホゲータ,1027,O,O,O,O,X,X,X,O,X,O,X,O,O,X,O,X
692,アチゲータ,1028,O,O,O,O,X,X,X,O,X,O,X,O,O,X,O,X
693,ラウドボーン,1029,O,O,O,O,X,X,X,O,O,O,X,O,O,X,O,X
694,クワッス,1030,O,O,O,O,X,X,X,O,X,O,X,O,O,X,O,X
695,ウェルカモ,1031,O,O,O,O,X,X,X,O,X,O,X,O,O,X,O,X
696,ウェーニバル,1032,O,O,O,O,X,X,X,O,X,O,X,O,O,X,O,X
697,グルトン,1033,O,O,O,O,X,X,X,O,X,O,X,O,O,X,O,X
698,パフュートン(オスのすがた),1034,O,O,O,O,X,X,X,O,X,O,X,O,O,X,O,X
699,パフュートン(メスのすがた),1035,O,O,O,O,X,X,X,O,X,O,X,O,O,X,O,X
700,タマンチュラ,1036,O,O,O,O,X,X,X,O,X,O,X,O,O,X,O,X
701,ワナイダー,1037,O,O,O,O,X,X,X,O,X,O,X,O,O,X,O,X
702,マメバッタ,1038,O,O,O,O,X,X,X,O,X,O,X,O,O,X,O,X
703,エクスレッグ,1039,O,O,O,O,X,X,X,O,X,O,X,O,O,X,O,X
704,パモ,1040,O,O,O,O,X,X,X,O,X,O,X,O,O,X,O,X
705,パモット,1041,O,O,O,O,X,X,X,O,X,O,X,O,O,X,O,X
706,パーモット,1042,O,O,O,O,X,X,X,O,X,O,X,O,O,X,O,X
707,ワッカネズミ,1043,O,O,O,O,X,X,O,O,X,O,X,O,O,X,O,X
708,イッカネズミ(3びきかぞく),1044,O,O,O,O,X,X,O,O,X,O,X,O,O,X,O,X
709,イッカネズミ(4ひきかぞく),1045,O,O,O,O,X,X,O,O,X,O,X,O,O,X,O,X
710,パピモッチ,1046,O,O,O,O,X,X,X,O,X,O,X,O,O,X,O,X
711,バウッツェル,1047,O,O,O,O,X,X,X,O,X,O,X,O,O,X,O,O
712,ミニーブ,1048,O,O,O,O,X,X,X,O,X,O,X,O,O,X,O,X
713,オリーニョ,1049,O,O,O,O,X,X,X,O,X,O,X,O,O,X,O,X
714,オリーヴァ,1050,O,O,O,O,X,X,X,O,X,O,X,O,O,X,O,X
715,イキリンコ(グリーンフェザー),1051,O,O,O,O,X,X,X,O,X,O,X,O,O,X,O,X
716,コジオ,1055,O,O,O,O,X,X,X,O,X,O,X,O,O,X,O,X
717,ジオヅム,1056,O,O,O,O,X,X,X,O,X,O,X,O,O,X,O,X
718,キョジオーン,1057,O,O,O,O,X,X,X,O,X,O,X,O,O,X,O,X
719,カルボウ,1058,O,O,O,O,X,X,X,O,X,O,X,O,O,X,O,X
720,グレンアルマ,1059,O,O,O,O,X,X,X,O,X,O,X,O,O,X,O,O
721,ソウブレイズ,1060,O,O,O,O,X,X,X,O,O,O,X,O,O,X,O,X
722,ズピカ,1061,O,O,O,O,X,X,X,O,X,O,X,O,O,X,O,X
723,ハラバリー,1062,O,O,O,O,X,X,X,O,X,O,X,O,O,X,O,X
724,カイデン,1063,O,O,O,O,X,X,X,O,X,O,X,O,O,X,O,X
725,タイカイデン,1064,O,O,O,O,X,X,X,O,X,O,X,O,O,X,O,X
726,オラチフ,1065,O,O,O,O,X,X,X,O,X,O,X,O,O,X,O,X
727,マフィティフ,1066,O,O,O,O,X,X,X,O,X,O,X,O,O,X,O,O
728,シルシュルー,1067,O,O,O,O,X,X,X,O,X,O,X,O,O,X,O,X
729,タギングル,1068,O,O,O,O,X,X,X,O,X,O,X,O,O,X,O,X
730,アノクサ,1069,O,O,O,O,X,X,X,O,O,O,X,O,O,X,O,X
731,アノホラグサ,1070,O,O,O,O,X,X,X,O,O,O,X,O,O,X,O,X
732,ノノクラゲ,1071,O,O,O,O,X,X,O,O,X,O,X,O,O,X,O,X
733,リククラゲ,1072,O,O,O,O,X,X,O,O,X,O,X,O,O,X,O,X
734,ガケガニ,1073,O,O,O,O,X,X,X,O,X,O,X,O,O,X,O,X
735,カプサイジ,1074,O,O,O,O,X,X,X,O,X,O,X,O,O,X,O,X
736,スコヴィラン,1075,O,O,O,O,X,X,X,O,X,O,X,O,O,X,O,X
737,シガロコ,1076,O,O,O,O,X,X,X,O,X,O,O,O,O,X,O,X
738,ベラカス,1077,O,O,O,O,X,X,X,O,X,O,O,O,O,X,O,X
739,ヒラヒナ,1078,O,O,O,O,X,X,X,O,X,O,X,O,O,X,O,X
740,クエスパトラ,1079,O,O,O,O,X,X,X,O,X,O,X,O,O,X,O,X
741,カヌチャン,1080,O,O,O,O,X,X,X,O,X,O,X,O,O,X,O,X
742,ナカヌチャン,1081,O,O,O,O,X,X,X,O,X,O,X,O,O,X,O,X
743,デカヌチャン,1082,O,O,O,O,X,X,X,O,X,O,X,O,O,X,O,X
744,ウミディグダ,1083,O,O,O,O,X,X,X,O,X,O,X,O,O,X,O,X
745,ウミトリオ,1084,O,O,O,O,X,X,X,O,X,O,X,O,O,X,O,X
746,オトシドリ,1085,O,O,O,O,X,X,O,O,X,O,X,O,O,X,O,X
747,ナミイルカ,1086,O,O,O,O,X,X,X,O,X,O,X,O,O,X,O,X
748,イルカマン(マイティフォルム),1088,O,O,O,O,X,X,X,O,X,O,X,O,O,X,O,X
749,ブロロン,1089,O,O,O,O,X,X,X,O,X,O,X,O,O,X,O,X
750,ブロロローム,1090,O,O,O,O,X,X,X,O,X,O,X,O,O,X,O,O
751,モトトカゲ,1091,O,O,O,O,X,X,X,O,X,O,X,O,O,X,O,X
752,ミミズズ,1092,O,O,O,O,X,X,O,O,X,O,X,O,O,X,O,X
753,キラーメ,1093,O,O,O,O,X,X,O,O,X,O,X,O,O,X,O,X
754,キラフロル,1094,O,O,O,O,X,X,O,O,X,O,X,O,O,X,O,X
755,ボチ,1095,O,O,O,O,X,X,X,O,O,O,X,O,O,X,O,X
756,ハカドッグ,1096,O,O,O,O,X,X,X,O,O,O,X,O,O,X,O,X
757,カラミンゴ,1097,O,O,O,O,X,X,X,O,X,O,X,O,O,X,O,X
758,アルクジラ,1098,O,O,O,O,X,X,X,O,X,O,X,O,O,X,O,X
759,ハルクジラ,1099,O,O,O,O,X,X,X,O,X,O,X,O,O,X,O,X
760,ミガルーサ,1100,O,O,O,O,X,X,X,O,X,O,X,O,O,X,O,X
761,ヘイラッシャ,1101,O,O,O,O,X,X,X,O,X,O,X,O,O,X,O,X
762,シャリタツ(そったすがた),1102,O,O,O,O,X,X,X,O,X,O,X,O,O,X,O,X
763,シャリタツ(たれたすがた),1103,O,O,O,O,X,X,X,O,X,O,X,O,O,X,O,X
764,シャリタツ(のびたすがた),1104,O,O,O,O,X,X,X,O,X,O,X,O,O,X,O,X
765,コノヨザル,1105,O,O,O,O,X,X,O,O,O,O,X,O,O,X,O,O
766,ドオー,1106,O,O,O,O,X,X,X,O,X,O,X,O,O,X,O,X
767,リキキリン,1107,O,O,O,O,X,X,X,O,X,O,O,O,O,X,O,X
768,ノココッチ(ふたふしフォルム),1108,O,O,O,O,X,X,O,O,X,O,X,O,O,X,O,X
769,ドドゲザン,1110,O,O,O,O,X,X,O,O,X,O,X,O,O,X,O,O
770,イダイナキバ,1111,O,O,O,X,X,X,X,O,X,O,X,O,O,X,X,X
771,サケブシッポ,1112,O,O,O,X,X,X,X,O,X,O,X,O,O,X,X,X
772,アラブルタケ,1113,O,O,O,X,X,X,X,O,X,O,X,O,O,X,X,X
773,ハバタクカミ,1114,O,O,O,X,X,X,X,O,O,O,X,O,O,X,X,X
774,チヲハウハネ,1115,O,O,O,X,X,X,X,O,X,O,X,O,O,X,X,X
775,スナノケガワ,1116,O,O,O,X,X,X,X,O,X,O,X,O,O,X,X,X
776,テツノワダチ,1117,O,O,O,X,X,X,X,O,X,O,X,O,O,X,X,X
777,テツノツツミ,1118,O,O,O,X,X,X,X,O,X,O,X,O,O,X,X,X
778,テツノカイナ,1119,O,O,O,X,X,X,X,O,X,O,X,O,O,X,X,X
779,テツノコウベ,1120,O,O,O,X,X,X,X,O,X,O,X,O,O,X,X,X
780,テツノドクガ,1121,O,O,O,X,X,X,X,O,X,O,X,O,O,X,X,X
781,テツノイバラ,1122,O,O,O,X,X,X,X,O,X,O,X,O,O,X,X,X
782,セビエ,1123,O,O,O,O,X,X,X,O,X,O,X,O,O,X,O,X
783,セゴール,1124,O,O,O,O,X,X,X,O,X,O,X,O,O,X,O,X
784,セグレイブ,1125,O,O,O,O,X,X,X,O,X,O,X,O,O,X,O,X
785,コレクレー(とほフォルム),1126,O,X,X,X,X,X,X,O,O,O,X,O,O,X,O,X
786,コレクレー(はこフォルム),1127,O,O,O,O,X,X,X,O,O,O,X,O,O,X,O,X
787,サーフゴー,1128,O,O,O,O,X,X,X,O,O,O,X,O,O,X,O,X
788,チオンジェン,1129,O,O,X,X,X,X,X,O,X,O,X,O,O,X,X,X
789,パオジアン,1130,O,O,X,X,X,X,X,O,X,O,X,O,O,X,X,X
790,ディンルー,1131,O,O,X,X,X,X,X,O,X,O,X,O,O,X,X,X
791,イーユイ,1132,O,O,X,X,X,X,X,O,X,O,X,O,O,X,X,X
792,トドロクツキ,1133,O,O,O,O,X,X,X,O,X,O,X,O,O,X,X,X
793,テツノブジン,1134,O,O,O,O,X,X,X,O,X,O,X,O,O,X,X,X
794,コライドン(かんぜんけい),1135,X,X,X,X,X,X,X,X,X,O,X,X,O,O,X,X
795,ミライドン(かんぜんけい),1137,X,X,X,X,X,X,X,X,X,O,X,X,O,O,X,X
796,ウネルミナモ,1139,X,X,X,X,X,X,X,X,X,X,X,O,O,X,X,X
797,テツノイサハ,1140,X,X,X,X,X,X,X,X,X,X,X,O,O,X,X,X
798,カミッチュ,1141,O,X,X,X,X,X,O,O,X,O,X,O,O,X,O,X
799,チャデス,1142,O,X,X,X,X,X,O,O,O,O,X,O,O,X,O,X
800,ヤバソチャ,1143,O,X,X,X,X,X,O,O,O,O,X,O,O,X,O,X
801,イイネイヌ,1144,O,X,X,X,X,X,O,O,X,O,X,O,O,X,X,X
802,マシマシラ,1145,O,X,X,X,X,X,O,O,X,O,X,O,O,X,X,X
803,キチキギス,1146,O,X,X,X,X,X,O,O,X,O,X,O,O,X,X,X
804,オーガポン(みどりのめん),1147,O,X,X,X,X,X,O,O,X,O,X,O,O,X,X,X
805,オーガポン(いどのめん),1148,O,X,X,X,X,X,O,O,X,O,X,O,O,X,X,X
806,オーガポン(かまどのめん),1149,O,X,X,X,X,X,O,O,X,O,X,O,O,X,X,X
807,オーガポン(いしずえのめん),1150,O,X,X,X,X,X,O,O,X,O,X,O,O,X,X,X
808,ブリジュラス,1151,X,X,X,X,X,O,X,X,X,X,O,O,O,X,O,X
809,カミツオロチ,1152,X,X,X,X,X,O,X,X,X,X,O,O,O,X,O,X
810,ウガツホムラ,1153,X,X,X,X,X,O,X,X,X,X,O,O,O,X,X,X
811,タケルライコ,1154,X,X,X,X,X,O,X,X,X,X,O,O,O,X,X,X
812,テツノイワオ,1155,X,X,X,X,X,O,X,X,X,X,O,O,O,X,X,X
813,テツノカシラ,1156,X,X,X,X,X,O,X,X,X,X,O,O,O,X,X,X
814,テラパゴス(ノーマルフォルム),1157,X,X,X,X,X,O,X,X,X,X,O,X,O,O,X,X
815,テラパゴス(テラスタルフォルム),1158,X,X,X,X,X,O,X,X,X,X,O,X,O,O,X,X
816,テラパゴス(ステラフォルム),1159,X,X,X,X,X,O,X,X,X,X,O,X,O,O,X,X
817,モモワロウ,1160,X,X,X,X,X,O,X,X,X,X,O,X,X,X,X,X